Goal,Target,Indicator,SeriesCode,SeriesDescription,GeoAreaCode,GeoAreaName,TimePeriod,Value,Time_Detail,TimeCoverage,UpperBound,LowerBound,BasePeriod,Source,GeoInfoUrl,FootNote,Nature,Reporting Type,Units,,,,,,,,,,,,,,,,,,,,,,,,,,,,,,,,
4,4.b,4.b.1,DC_TOF_SCHIPSL,"Total official flows for scholarships, by recipient countries (millions of constant 2018 United States dollars)",4,Afghanistan,2009,3.0043,2009,,,,2018,The Organisation for Economic Co-operation and Development (OECD).,,"Gross disbursements | Based on OECD, CRS databased, 2020 | Constant 2018 USD million",C,G,CON_USD,,,,,,,,,,,,,,,,,,,,,,,,,,,,,,,,
4,4.b,4.b.1,DC_TOF_SCHIPSL,"Total official flows for scholarships, by recipient countries (millions of constant 2018 United States dollars)",8,Albania,2009,2.2017,2009,,,,2018,The Organisation for Economic Co-operation and Development (OECD).,,"Gross disbursements | Based on OECD, CRS databased, 2020 | Constant 2018 USD million",C,G,CON_USD,,,,,,,,,,,,,,,,,,,,,,,,,,,,,,,,
4,4.b,4.b.1,DC_TOF_SCHIPSL,"Total official flows for scholarships, by recipient countries (millions of constant 2018 United States dollars)",12,Algeria,2009,7.33366,2009,,,,2018,The Organisation for Economic Co-operation and Development (OECD).,,"Gross disbursements | Based on OECD, CRS databased, 2020 | Constant 2018 USD million",C,G,CON_USD,,,,,,,,,,,,,,,,,,,,,,,,,,,,,,,,
4,4.b,4.b.1,DC_TOF_SCHIPSL,"Total official flows for scholarships, by recipient countries (millions of constant 2018 United States dollars)",24,Angola,2009,1.66029,2009,,,,2018,The Organisation for Economic Co-operation and Development (OECD).,,"Gross disbursements | Based on OECD, CRS databased, 2020 | Constant 2018 USD million",C,G,CON_USD,,,,,,,,,,,,,,,,,,,,,,,,,,,,,,,,
4,4.b,4.b.1,DC_TOF_SCHIPSL,"Total official flows for scholarships, by recipient countries (millions of constant 2018 United States dollars)",28,Antigua and Barbuda,2009,0.08385,2009,,,,2018,The Organisation for Economic Co-operation and Development (OECD).,,"Gross disbursements | Based on OECD, CRS databased, 2020 | Constant 2018 USD million",C,G,CON_USD,,,,,,,,,,,,,,,,,,,,,,,,,,,,,,,,
4,4.b,4.b.1,DC_TOF_SCHIPSL,"Total official flows for scholarships, by recipient countries (millions of constant 2018 United States dollars)",31,Azerbaijan,2009,1.36391,2009,,,,2018,The Organisation for Economic Co-operation and Development (OECD).,,"Gross disbursements | Based on OECD, CRS databased, 2020 | Constant 2018 USD million",C,G,CON_USD,,,,,,,,,,,,,,,,,,,,,,,,,,,,,,,,
4,4.b,4.b.1,DC_TOF_SCHIPSL,"Total official flows for scholarships, by recipient countries (millions of constant 2018 United States dollars)",32,Argentina,2009,6.8694,2009,,,,2018,The Organisation for Economic Co-operation and Development (OECD).,,"Gross disbursements | Based on OECD, CRS databased, 2020 | Constant 2018 USD million",C,G,CON_USD,,,,,,,,,,,,,,,,,,,,,,,,,,,,,,,,
4,4.b,4.b.1,DC_TOF_SCHIPSL,"Total official flows for scholarships, by recipient countries (millions of constant 2018 United States dollars)",50,Bangladesh,2009,16.54264,2009,,,,2018,The Organisation for Economic Co-operation and Development (OECD).,,"Gross disbursements | Based on OECD, CRS databased, 2020 | Constant 2018 USD million",C,G,CON_USD,,,,,,,,,,,,,,,,,,,,,,,,,,,,,,,,
4,4.b,4.b.1,DC_TOF_SCHIPSL,"Total official flows for scholarships, by recipient countries (millions of constant 2018 United States dollars)",51,Armenia,2009,1.97399,2009,,,,2018,The Organisation for Economic Co-operation and Development (OECD).,,"Gross disbursements | Based on OECD, CRS databased, 2020 | Constant 2018 USD million",C,G,CON_USD,,,,,,,,,,,,,,,,,,,,,,,,,,,,,,,,
4,4.b,4.b.1,DC_TOF_SCHIPSL,"Total official flows for scholarships, by recipient countries (millions of constant 2018 United States dollars)",52,Barbados,2009,0.15367,2009,,,,2018,The Organisation for Economic Co-operation and Development (OECD).,,"Gross disbursements | Based on OECD, CRS databased, 2020 | Constant 2018 USD million",C,G,CON_USD,,,,,,,,,,,,,,,,,,,,,,,,,,,,,,,,
4,4.b,4.b.1,DC_TOF_SCHIPSL,"Total official flows for scholarships, by recipient countries (millions of constant 2018 United States dollars)",64,Bhutan,2009,4.3896,2009,,,,2018,The Organisation for Economic Co-operation and Development (OECD).,,"Gross disbursements | Based on OECD, CRS databased, 2020 | Constant 2018 USD million",C,G,CON_USD,,,,,,,,,,,,,,,,,,,,,,,,,,,,,,,,
4,4.b,4.b.1,DC_TOF_SCHIPSL,"Total official flows for scholarships, by recipient countries (millions of constant 2018 United States dollars)",68,Bolivia (Plurinational State of),2009,3.72703,2009,,,,2018,The Organisation for Economic Co-operation and Development (OECD).,,"Gross disbursements | Based on OECD, CRS databased, 2020 | Constant 2018 USD million",C,G,CON_USD,,,,,,,,,,,,,,,,,,,,,,,,,,,,,,,,
4,4.b,4.b.1,DC_TOF_SCHIPSL,"Total official flows for scholarships, by recipient countries (millions of constant 2018 United States dollars)",70,Bosnia and Herzegovina,2009,0.88486,2009,,,,2018,The Organisation for Economic Co-operation and Development (OECD).,,"Gross disbursements | Based on OECD, CRS databased, 2020 | Constant 2018 USD million",C,G,CON_USD,,,,,,,,,,,,,,,,,,,,,,,,,,,,,,,,
4,4.b,4.b.1,DC_TOF_SCHIPSL,"Total official flows for scholarships, by recipient countries (millions of constant 2018 United States dollars)",72,Botswana,2009,0.58556,2009,,,,2018,The Organisation for Economic Co-operation and Development (OECD).,,"Gross disbursements | Based on OECD, CRS databased, 2020 | Constant 2018 USD million",C,G,CON_USD,,,,,,,,,,,,,,,,,,,,,,,,,,,,,,,,
4,4.b,4.b.1,DC_TOF_SCHIPSL,"Total official flows for scholarships, by recipient countries (millions of constant 2018 United States dollars)",76,Brazil,2009,17.90007,2009,,,,2018,The Organisation for Economic Co-operation and Development (OECD).,,"Gross disbursements | Based on OECD, CRS databased, 2020 | Constant 2018 USD million",C,G,CON_USD,,,,,,,,,,,,,,,,,,,,,,,,,,,,,,,,
4,4.b,4.b.1,DC_TOF_SCHIPSL,"Total official flows for scholarships, by recipient countries (millions of constant 2018 United States dollars)",84,Belize,2009,0.19676,2009,,,,2018,The Organisation for Economic Co-operation and Development (OECD).,,"Gross disbursements | Based on OECD, CRS databased, 2020 | Constant 2018 USD million",C,G,CON_USD,,,,,,,,,,,,,,,,,,,,,,,,,,,,,,,,
4,4.b,4.b.1,DC_TOF_SCHIPSL,"Total official flows for scholarships, by recipient countries (millions of constant 2018 United States dollars)",90,Solomon Islands,2009,3.8868,2009,,,,2018,The Organisation for Economic Co-operation and Development (OECD).,,"Gross disbursements | Based on OECD, CRS databased, 2020 | Constant 2018 USD million",C,G,CON_USD,,,,,,,,,,,,,,,,,,,,,,,,,,,,,,,,
4,4.b,4.b.1,DC_TOF_SCHIPSL,"Total official flows for scholarships, by recipient countries (millions of constant 2018 United States dollars)",104,Myanmar,2009,7.41944,2009,,,,2018,The Organisation for Economic Co-operation and Development (OECD).,,"Gross disbursements | Based on OECD, CRS databased, 2020 | Constant 2018 USD million",C,G,CON_USD,,,,,,,,,,,,,,,,,,,,,,,,,,,,,,,,
4,4.b,4.b.1,DC_TOF_SCHIPSL,"Total official flows for scholarships, by recipient countries (millions of constant 2018 United States dollars)",108,Burundi,2009,2.22124,2009,,,,2018,The Organisation for Economic Co-operation and Development (OECD).,,"Gross disbursements | Based on OECD, CRS databased, 2020 | Constant 2018 USD million",C,G,CON_USD,,,,,,,,,,,,,,,,,,,,,,,,,,,,,,,,
4,4.b,4.b.1,DC_TOF_SCHIPSL,"Total official flows for scholarships, by recipient countries (millions of constant 2018 United States dollars)",112,Belarus,2009,3.41399,2009,,,,2018,The Organisation for Economic Co-operation and Development (OECD).,,"Gross disbursements | Based on OECD, CRS databased, 2020 | Constant 2018 USD million",C,G,CON_USD,,,,,,,,,,,,,,,,,,,,,,,,,,,,,,,,
4,4.b,4.b.1,DC_TOF_SCHIPSL,"Total official flows for scholarships, by recipient countries (millions of constant 2018 United States dollars)",116,Cambodia,2009,14.54911,2009,,,,2018,The Organisation for Economic Co-operation and Development (OECD).,,"Gross disbursements | Based on OECD, CRS databased, 2020 | Constant 2018 USD million",C,G,CON_USD,,,,,,,,,,,,,,,,,,,,,,,,,,,,,,,,
4,4.b,4.b.1,DC_TOF_SCHIPSL,"Total official flows for scholarships, by recipient countries (millions of constant 2018 United States dollars)",120,Cameroon,2009,4.89431,2009,,,,2018,The Organisation for Economic Co-operation and Development (OECD).,,"Gross disbursements | Based on OECD, CRS databased, 2020 | Constant 2018 USD million",C,G,CON_USD,,,,,,,,,,,,,,,,,,,,,,,,,,,,,,,,
4,4.b,4.b.1,DC_TOF_SCHIPSL,"Total official flows for scholarships, by recipient countries (millions of constant 2018 United States dollars)",132,Cabo Verde,2009,2.13932,2009,,,,2018,The Organisation for Economic Co-operation and Development (OECD).,,"Gross disbursements | Based on OECD, CRS databased, 2020 | Constant 2018 USD million",C,G,CON_USD,,,,,,,,,,,,,,,,,,,,,,,,,,,,,,,,
4,4.b,4.b.1,DC_TOF_SCHIPSL,"Total official flows for scholarships, by recipient countries (millions of constant 2018 United States dollars)",140,Central African Republic,2009,1.0949,2009,,,,2018,The Organisation for Economic Co-operation and Development (OECD).,,"Gross disbursements | Based on OECD, CRS databased, 2020 | Constant 2018 USD million",C,G,CON_USD,,,,,,,,,,,,,,,,,,,,,,,,,,,,,,,,
4,4.b,4.b.1,DC_TOF_SCHIPSL,"Total official flows for scholarships, by recipient countries (millions of constant 2018 United States dollars)",144,Sri Lanka,2009,6.51464,2009,,,,2018,The Organisation for Economic Co-operation and Development (OECD).,,"Gross disbursements | Based on OECD, CRS databased, 2020 | Constant 2018 USD million",C,G,CON_USD,,,,,,,,,,,,,,,,,,,,,,,,,,,,,,,,
4,4.b,4.b.1,DC_TOF_SCHIPSL,"Total official flows for scholarships, by recipient countries (millions of constant 2018 United States dollars)",148,Chad,2009,1.64385,2009,,,,2018,The Organisation for Economic Co-operation and Development (OECD).,,"Gross disbursements | Based on OECD, CRS databased, 2020 | Constant 2018 USD million",C,G,CON_USD,,,,,,,,,,,,,,,,,,,,,,,,,,,,,,,,
4,4.b,4.b.1,DC_TOF_SCHIPSL,"Total official flows for scholarships, by recipient countries (millions of constant 2018 United States dollars)",152,Chile,2009,6.32893,2009,,,,2018,The Organisation for Economic Co-operation and Development (OECD).,,"Gross disbursements | Based on OECD, CRS databased, 2020 | Constant 2018 USD million",C,G,CON_USD,,,,,,,,,,,,,,,,,,,,,,,,,,,,,,,,
4,4.b,4.b.1,DC_TOF_SCHIPSL,"Total official flows for scholarships, by recipient countries (millions of constant 2018 United States dollars)",156,China,2009,230.56865,2009,,,,2018,The Organisation for Economic Co-operation and Development (OECD).,,"Gross disbursements | Based on OECD, CRS databased, 2020 | Constant 2018 USD million",C,G,CON_USD,,,,,,,,,,,,,,,,,,,,,,,,,,,,,,,,
4,4.b,4.b.1,DC_TOF_SCHIPSL,"Total official flows for scholarships, by recipient countries (millions of constant 2018 United States dollars)",170,Colombia,2009,9.41665,2009,,,,2018,The Organisation for Economic Co-operation and Development (OECD).,,"Gross disbursements | Based on OECD, CRS databased, 2020 | Constant 2018 USD million",C,G,CON_USD,,,,,,,,,,,,,,,,,,,,,,,,,,,,,,,,
4,4.b,4.b.1,DC_TOF_SCHIPSL,"Total official flows for scholarships, by recipient countries (millions of constant 2018 United States dollars)",174,Comoros,2009,0.42343,2009,,,,2018,The Organisation for Economic Co-operation and Development (OECD).,,"Gross disbursements | Based on OECD, CRS databased, 2020 | Constant 2018 USD million",C,G,CON_USD,,,,,,,,,,,,,,,,,,,,,,,,,,,,,,,,
4,4.b,4.b.1,DC_TOF_SCHIPSL,"Total official flows for scholarships, by recipient countries (millions of constant 2018 United States dollars)",178,Congo,2009,1.28735,2009,,,,2018,The Organisation for Economic Co-operation and Development (OECD).,,"Gross disbursements | Based on OECD, CRS databased, 2020 | Constant 2018 USD million",C,G,CON_USD,,,,,,,,,,,,,,,,,,,,,,,,,,,,,,,,
4,4.b,4.b.1,DC_TOF_SCHIPSL,"Total official flows for scholarships, by recipient countries (millions of constant 2018 United States dollars)",180,Democratic Republic of the Congo,2009,5.63278,2009,,,,2018,The Organisation for Economic Co-operation and Development (OECD).,,"Gross disbursements | Based on OECD, CRS databased, 2020 | Constant 2018 USD million",C,G,CON_USD,,,,,,,,,,,,,,,,,,,,,,,,,,,,,,,,
4,4.b,4.b.1,DC_TOF_SCHIPSL,"Total official flows for scholarships, by recipient countries (millions of constant 2018 United States dollars)",184,Cook Islands,2009,0.48258,2009,,,,2018,The Organisation for Economic Co-operation and Development (OECD).,,"Gross disbursements | Based on OECD, CRS databased, 2020 | Constant 2018 USD million",C,G,CON_USD,,,,,,,,,,,,,,,,,,,,,,,,,,,,,,,,
4,4.b,4.b.1,DC_TOF_SCHIPSL,"Total official flows for scholarships, by recipient countries (millions of constant 2018 United States dollars)",188,Costa Rica,2009,2.22411,2009,,,,2018,The Organisation for Economic Co-operation and Development (OECD).,,"Gross disbursements | Based on OECD, CRS databased, 2020 | Constant 2018 USD million",C,G,CON_USD,,,,,,,,,,,,,,,,,,,,,,,,,,,,,,,,
4,4.b,4.b.1,DC_TOF_SCHIPSL,"Total official flows for scholarships, by recipient countries (millions of constant 2018 United States dollars)",191,Croatia,2009,0.99816,2009,,,,2018,The Organisation for Economic Co-operation and Development (OECD).,,"Gross disbursements | Based on OECD, CRS databased, 2020 | Constant 2018 USD million",C,G,CON_USD,,,,,,,,,,,,,,,,,,,,,,,,,,,,,,,,
4,4.b,4.b.1,DC_TOF_SCHIPSL,"Total official flows for scholarships, by recipient countries (millions of constant 2018 United States dollars)",192,Cuba,2009,3.36231,2009,,,,2018,The Organisation for Economic Co-operation and Development (OECD).,,"Gross disbursements | Based on OECD, CRS databased, 2020 | Constant 2018 USD million",C,G,CON_USD,,,,,,,,,,,,,,,,,,,,,,,,,,,,,,,,
4,4.b,4.b.1,DC_TOF_SCHIPSL,"Total official flows for scholarships, by recipient countries (millions of constant 2018 United States dollars)",204,Benin,2009,2.52373,2009,,,,2018,The Organisation for Economic Co-operation and Development (OECD).,,"Gross disbursements | Based on OECD, CRS databased, 2020 | Constant 2018 USD million",C,G,CON_USD,,,,,,,,,,,,,,,,,,,,,,,,,,,,,,,,
4,4.b,4.b.1,DC_TOF_SCHIPSL,"Total official flows for scholarships, by recipient countries (millions of constant 2018 United States dollars)",212,Dominica,2009,0.18104,2009,,,,2018,The Organisation for Economic Co-operation and Development (OECD).,,"Gross disbursements | Based on OECD, CRS databased, 2020 | Constant 2018 USD million",C,G,CON_USD,,,,,,,,,,,,,,,,,,,,,,,,,,,,,,,,
4,4.b,4.b.1,DC_TOF_SCHIPSL,"Total official flows for scholarships, by recipient countries (millions of constant 2018 United States dollars)",214,Dominican Republic,2009,1.30794,2009,,,,2018,The Organisation for Economic Co-operation and Development (OECD).,,"Gross disbursements | Based on OECD, CRS databased, 2020 | Constant 2018 USD million",C,G,CON_USD,,,,,,,,,,,,,,,,,,,,,,,,,,,,,,,,
4,4.b,4.b.1,DC_TOF_SCHIPSL,"Total official flows for scholarships, by recipient countries (millions of constant 2018 United States dollars)",218,Ecuador,2009,3.05529,2009,,,,2018,The Organisation for Economic Co-operation and Development (OECD).,,"Gross disbursements | Based on OECD, CRS databased, 2020 | Constant 2018 USD million",C,G,CON_USD,,,,,,,,,,,,,,,,,,,,,,,,,,,,,,,,
4,4.b,4.b.1,DC_TOF_SCHIPSL,"Total official flows for scholarships, by recipient countries (millions of constant 2018 United States dollars)",222,El Salvador,2009,1.5441,2009,,,,2018,The Organisation for Economic Co-operation and Development (OECD).,,"Gross disbursements | Based on OECD, CRS databased, 2020 | Constant 2018 USD million",C,G,CON_USD,,,,,,,,,,,,,,,,,,,,,,,,,,,,,,,,
4,4.b,4.b.1,DC_TOF_SCHIPSL,"Total official flows for scholarships, by recipient countries (millions of constant 2018 United States dollars)",226,Equatorial Guinea,2009,0.46155,2009,,,,2018,The Organisation for Economic Co-operation and Development (OECD).,,"Gross disbursements | Based on OECD, CRS databased, 2020 | Constant 2018 USD million",C,G,CON_USD,,,,,,,,,,,,,,,,,,,,,,,,,,,,,,,,
4,4.b,4.b.1,DC_TOF_SCHIPSL,"Total official flows for scholarships, by recipient countries (millions of constant 2018 United States dollars)",231,Ethiopia,2009,7.60957,2009,,,,2018,The Organisation for Economic Co-operation and Development (OECD).,,"Gross disbursements | Based on OECD, CRS databased, 2020 | Constant 2018 USD million",C,G,CON_USD,,,,,,,,,,,,,,,,,,,,,,,,,,,,,,,,
4,4.b,4.b.1,DC_TOF_SCHIPSL,"Total official flows for scholarships, by recipient countries (millions of constant 2018 United States dollars)",232,Eritrea,2009,0.45183,2009,,,,2018,The Organisation for Economic Co-operation and Development (OECD).,,"Gross disbursements | Based on OECD, CRS databased, 2020 | Constant 2018 USD million",C,G,CON_USD,,,,,,,,,,,,,,,,,,,,,,,,,,,,,,,,
4,4.b,4.b.1,DC_TOF_SCHIPSL,"Total official flows for scholarships, by recipient countries (millions of constant 2018 United States dollars)",242,Fiji,2009,5.63642,2009,,,,2018,The Organisation for Economic Co-operation and Development (OECD).,,"Gross disbursements | Based on OECD, CRS databased, 2020 | Constant 2018 USD million",C,G,CON_USD,,,,,,,,,,,,,,,,,,,,,,,,,,,,,,,,
4,4.b,4.b.1,DC_TOF_SCHIPSL,"Total official flows for scholarships, by recipient countries (millions of constant 2018 United States dollars)",262,Djibouti,2009,1.71152,2009,,,,2018,The Organisation for Economic Co-operation and Development (OECD).,,"Gross disbursements | Based on OECD, CRS databased, 2020 | Constant 2018 USD million",C,G,CON_USD,,,,,,,,,,,,,,,,,,,,,,,,,,,,,,,,
4,4.b,4.b.1,DC_TOF_SCHIPSL,"Total official flows for scholarships, by recipient countries (millions of constant 2018 United States dollars)",266,Gabon,2009,1.58173,2009,,,,2018,The Organisation for Economic Co-operation and Development (OECD).,,"Gross disbursements | Based on OECD, CRS databased, 2020 | Constant 2018 USD million",C,G,CON_USD,,,,,,,,,,,,,,,,,,,,,,,,,,,,,,,,
4,4.b,4.b.1,DC_TOF_SCHIPSL,"Total official flows for scholarships, by recipient countries (millions of constant 2018 United States dollars)",268,Georgia,2009,2.6228,2009,,,,2018,The Organisation for Economic Co-operation and Development (OECD).,,"Gross disbursements | Based on OECD, CRS databased, 2020 | Constant 2018 USD million",C,G,CON_USD,,,,,,,,,,,,,,,,,,,,,,,,,,,,,,,,
4,4.b,4.b.1,DC_TOF_SCHIPSL,"Total official flows for scholarships, by recipient countries (millions of constant 2018 United States dollars)",270,Gambia,2009,0.25102,2009,,,,2018,The Organisation for Economic Co-operation and Development (OECD).,,"Gross disbursements | Based on OECD, CRS databased, 2020 | Constant 2018 USD million",C,G,CON_USD,,,,,,,,,,,,,,,,,,,,,,,,,,,,,,,,
4,4.b,4.b.1,DC_TOF_SCHIPSL,"Total official flows for scholarships, by recipient countries (millions of constant 2018 United States dollars)",275,State of Palestine,2009,4.93313,2009,,,,2018,The Organisation for Economic Co-operation and Development (OECD).,,"Gross disbursements | Based on OECD, CRS databased, 2020 | Constant 2018 USD million",C,G,CON_USD,,,,,,,,,,,,,,,,,,,,,,,,,,,,,,,,
4,4.b,4.b.1,DC_TOF_SCHIPSL,"Total official flows for scholarships, by recipient countries (millions of constant 2018 United States dollars)",288,Ghana,2009,3.18089,2009,,,,2018,The Organisation for Economic Co-operation and Development (OECD).,,"Gross disbursements | Based on OECD, CRS databased, 2020 | Constant 2018 USD million",C,G,CON_USD,,,,,,,,,,,,,,,,,,,,,,,,,,,,,,,,
4,4.b,4.b.1,DC_TOF_SCHIPSL,"Total official flows for scholarships, by recipient countries (millions of constant 2018 United States dollars)",296,Kiribati,2009,3.70628,2009,,,,2018,The Organisation for Economic Co-operation and Development (OECD).,,"Gross disbursements | Based on OECD, CRS databased, 2020 | Constant 2018 USD million",C,G,CON_USD,,,,,,,,,,,,,,,,,,,,,,,,,,,,,,,,
4,4.b,4.b.1,DC_TOF_SCHIPSL,"Total official flows for scholarships, by recipient countries (millions of constant 2018 United States dollars)",308,Grenada,2009,0.02239,2009,,,,2018,The Organisation for Economic Co-operation and Development (OECD).,,"Gross disbursements | Based on OECD, CRS databased, 2020 | Constant 2018 USD million",C,G,CON_USD,,,,,,,,,,,,,,,,,,,,,,,,,,,,,,,,
4,4.b,4.b.1,DC_TOF_SCHIPSL,"Total official flows for scholarships, by recipient countries (millions of constant 2018 United States dollars)",320,Guatemala,2009,1.4579,2009,,,,2018,The Organisation for Economic Co-operation and Development (OECD).,,"Gross disbursements | Based on OECD, CRS databased, 2020 | Constant 2018 USD million",C,G,CON_USD,,,,,,,,,,,,,,,,,,,,,,,,,,,,,,,,
4,4.b,4.b.1,DC_TOF_SCHIPSL,"Total official flows for scholarships, by recipient countries (millions of constant 2018 United States dollars)",324,Guinea,2009,1.07623,2009,,,,2018,The Organisation for Economic Co-operation and Development (OECD).,,"Gross disbursements | Based on OECD, CRS databased, 2020 | Constant 2018 USD million",C,G,CON_USD,,,,,,,,,,,,,,,,,,,,,,,,,,,,,,,,
4,4.b,4.b.1,DC_TOF_SCHIPSL,"Total official flows for scholarships, by recipient countries (millions of constant 2018 United States dollars)",328,Guyana,2009,0.1426,2009,,,,2018,The Organisation for Economic Co-operation and Development (OECD).,,"Gross disbursements | Based on OECD, CRS databased, 2020 | Constant 2018 USD million",C,G,CON_USD,,,,,,,,,,,,,,,,,,,,,,,,,,,,,,,,
4,4.b,4.b.1,DC_TOF_SCHIPSL,"Total official flows for scholarships, by recipient countries (millions of constant 2018 United States dollars)",332,Haiti,2009,1.7954,2009,,,,2018,The Organisation for Economic Co-operation and Development (OECD).,,"Gross disbursements | Based on OECD, CRS databased, 2020 | Constant 2018 USD million",C,G,CON_USD,,,,,,,,,,,,,,,,,,,,,,,,,,,,,,,,
4,4.b,4.b.1,DC_TOF_SCHIPSL,"Total official flows for scholarships, by recipient countries (millions of constant 2018 United States dollars)",340,Honduras,2009,1.13435,2009,,,,2018,The Organisation for Economic Co-operation and Development (OECD).,,"Gross disbursements | Based on OECD, CRS databased, 2020 | Constant 2018 USD million",C,G,CON_USD,,,,,,,,,,,,,,,,,,,,,,,,,,,,,,,,
4,4.b,4.b.1,DC_TOF_SCHIPSL,"Total official flows for scholarships, by recipient countries (millions of constant 2018 United States dollars)",356,India,2009,17.49944,2009,,,,2018,The Organisation for Economic Co-operation and Development (OECD).,,"Gross disbursements | Based on OECD, CRS databased, 2020 | Constant 2018 USD million",C,G,CON_USD,,,,,,,,,,,,,,,,,,,,,,,,,,,,,,,,
4,4.b,4.b.1,DC_TOF_SCHIPSL,"Total official flows for scholarships, by recipient countries (millions of constant 2018 United States dollars)",360,Indonesia,2009,61.58006,2009,,,,2018,The Organisation for Economic Co-operation and Development (OECD).,,"Gross disbursements | Based on OECD, CRS databased, 2020 | Constant 2018 USD million",C,G,CON_USD,,,,,,,,,,,,,,,,,,,,,,,,,,,,,,,,
4,4.b,4.b.1,DC_TOF_SCHIPSL,"Total official flows for scholarships, by recipient countries (millions of constant 2018 United States dollars)",364,Iran (Islamic Republic of),2009,7.10416,2009,,,,2018,The Organisation for Economic Co-operation and Development (OECD).,,"Gross disbursements | Based on OECD, CRS databased, 2020 | Constant 2018 USD million",C,G,CON_USD,,,,,,,,,,,,,,,,,,,,,,,,,,,,,,,,
4,4.b,4.b.1,DC_TOF_SCHIPSL,"Total official flows for scholarships, by recipient countries (millions of constant 2018 United States dollars)",368,Iraq,2009,9.93275,2009,,,,2018,The Organisation for Economic Co-operation and Development (OECD).,,"Gross disbursements | Based on OECD, CRS databased, 2020 | Constant 2018 USD million",C,G,CON_USD,,,,,,,,,,,,,,,,,,,,,,,,,,,,,,,,
4,4.b,4.b.1,DC_TOF_SCHIPSL,"Total official flows for scholarships, by recipient countries (millions of constant 2018 United States dollars)",384,Côte d'Ivoire,2009,1.92311,2009,,,,2018,The Organisation for Economic Co-operation and Development (OECD).,,"Gross disbursements | Based on OECD, CRS databased, 2020 | Constant 2018 USD million",C,G,CON_USD,,,,,,,,,,,,,,,,,,,,,,,,,,,,,,,,
4,4.b,4.b.1,DC_TOF_SCHIPSL,"Total official flows for scholarships, by recipient countries (millions of constant 2018 United States dollars)",388,Jamaica,2009,0.57761,2009,,,,2018,The Organisation for Economic Co-operation and Development (OECD).,,"Gross disbursements | Based on OECD, CRS databased, 2020 | Constant 2018 USD million",C,G,CON_USD,,,,,,,,,,,,,,,,,,,,,,,,,,,,,,,,
4,4.b,4.b.1,DC_TOF_SCHIPSL,"Total official flows for scholarships, by recipient countries (millions of constant 2018 United States dollars)",398,Kazakhstan,2009,2.46302,2009,,,,2018,The Organisation for Economic Co-operation and Development (OECD).,,"Gross disbursements | Based on OECD, CRS databased, 2020 | Constant 2018 USD million",C,G,CON_USD,,,,,,,,,,,,,,,,,,,,,,,,,,,,,,,,
4,4.b,4.b.1,DC_TOF_SCHIPSL,"Total official flows for scholarships, by recipient countries (millions of constant 2018 United States dollars)",400,Jordan,2009,3.6445,2009,,,,2018,The Organisation for Economic Co-operation and Development (OECD).,,"Gross disbursements | Based on OECD, CRS databased, 2020 | Constant 2018 USD million",C,G,CON_USD,,,,,,,,,,,,,,,,,,,,,,,,,,,,,,,,
4,4.b,4.b.1,DC_TOF_SCHIPSL,"Total official flows for scholarships, by recipient countries (millions of constant 2018 United States dollars)",404,Kenya,2009,5.79107,2009,,,,2018,The Organisation for Economic Co-operation and Development (OECD).,,"Gross disbursements | Based on OECD, CRS databased, 2020 | Constant 2018 USD million",C,G,CON_USD,,,,,,,,,,,,,,,,,,,,,,,,,,,,,,,,
4,4.b,4.b.1,DC_TOF_SCHIPSL,"Total official flows for scholarships, by recipient countries (millions of constant 2018 United States dollars)",408,Democratic People's Republic of Korea,2009,0.50595,2009,,,,2018,The Organisation for Economic Co-operation and Development (OECD).,,"Gross disbursements | Based on OECD, CRS databased, 2020 | Constant 2018 USD million",C,G,CON_USD,,,,,,,,,,,,,,,,,,,,,,,,,,,,,,,,
4,4.b,4.b.1,DC_TOF_SCHIPSL,"Total official flows for scholarships, by recipient countries (millions of constant 2018 United States dollars)",417,Kyrgyzstan,2009,3.50107,2009,,,,2018,The Organisation for Economic Co-operation and Development (OECD).,,"Gross disbursements | Based on OECD, CRS databased, 2020 | Constant 2018 USD million",C,G,CON_USD,,,,,,,,,,,,,,,,,,,,,,,,,,,,,,,,
4,4.b,4.b.1,DC_TOF_SCHIPSL,"Total official flows for scholarships, by recipient countries (millions of constant 2018 United States dollars)",418,Lao People's Democratic Republic,2009,10.76994,2009,,,,2018,The Organisation for Economic Co-operation and Development (OECD).,,"Gross disbursements | Based on OECD, CRS databased, 2020 | Constant 2018 USD million",C,G,CON_USD,,,,,,,,,,,,,,,,,,,,,,,,,,,,,,,,
4,4.b,4.b.1,DC_TOF_SCHIPSL,"Total official flows for scholarships, by recipient countries (millions of constant 2018 United States dollars)",422,Lebanon,2009,3.32418,2009,,,,2018,The Organisation for Economic Co-operation and Development (OECD).,,"Gross disbursements | Based on OECD, CRS databased, 2020 | Constant 2018 USD million",C,G,CON_USD,,,,,,,,,,,,,,,,,,,,,,,,,,,,,,,,
4,4.b,4.b.1,DC_TOF_SCHIPSL,"Total official flows for scholarships, by recipient countries (millions of constant 2018 United States dollars)",426,Lesotho,2009,0.60926,2009,,,,2018,The Organisation for Economic Co-operation and Development (OECD).,,"Gross disbursements | Based on OECD, CRS databased, 2020 | Constant 2018 USD million",C,G,CON_USD,,,,,,,,,,,,,,,,,,,,,,,,,,,,,,,,
4,4.b,4.b.1,DC_TOF_SCHIPSL,"Total official flows for scholarships, by recipient countries (millions of constant 2018 United States dollars)",430,Liberia,2009,0.2031,2009,,,,2018,The Organisation for Economic Co-operation and Development (OECD).,,"Gross disbursements | Based on OECD, CRS databased, 2020 | Constant 2018 USD million",C,G,CON_USD,,,,,,,,,,,,,,,,,,,,,,,,,,,,,,,,
4,4.b,4.b.1,DC_TOF_SCHIPSL,"Total official flows for scholarships, by recipient countries (millions of constant 2018 United States dollars)",434,Libya,2009,0.13039,2009,,,,2018,The Organisation for Economic Co-operation and Development (OECD).,,"Gross disbursements | Based on OECD, CRS databased, 2020 | Constant 2018 USD million",C,G,CON_USD,,,,,,,,,,,,,,,,,,,,,,,,,,,,,,,,
4,4.b,4.b.1,DC_TOF_SCHIPSL,"Total official flows for scholarships, by recipient countries (millions of constant 2018 United States dollars)",450,Madagascar,2009,1.59449,2009,,,,2018,The Organisation for Economic Co-operation and Development (OECD).,,"Gross disbursements | Based on OECD, CRS databased, 2020 | Constant 2018 USD million",C,G,CON_USD,,,,,,,,,,,,,,,,,,,,,,,,,,,,,,,,
4,4.b,4.b.1,DC_TOF_SCHIPSL,"Total official flows for scholarships, by recipient countries (millions of constant 2018 United States dollars)",454,Malawi,2009,1.26695,2009,,,,2018,The Organisation for Economic Co-operation and Development (OECD).,,"Gross disbursements | Based on OECD, CRS databased, 2020 | Constant 2018 USD million",C,G,CON_USD,,,,,,,,,,,,,,,,,,,,,,,,,,,,,,,,
4,4.b,4.b.1,DC_TOF_SCHIPSL,"Total official flows for scholarships, by recipient countries (millions of constant 2018 United States dollars)",458,Malaysia,2009,8.26679,2009,,,,2018,The Organisation for Economic Co-operation and Development (OECD).,,"Gross disbursements | Based on OECD, CRS databased, 2020 | Constant 2018 USD million",C,G,CON_USD,,,,,,,,,,,,,,,,,,,,,,,,,,,,,,,,
4,4.b,4.b.1,DC_TOF_SCHIPSL,"Total official flows for scholarships, by recipient countries (millions of constant 2018 United States dollars)",462,Maldives,2009,2.63518,2009,,,,2018,The Organisation for Economic Co-operation and Development (OECD).,,"Gross disbursements | Based on OECD, CRS databased, 2020 | Constant 2018 USD million",C,G,CON_USD,,,,,,,,,,,,,,,,,,,,,,,,,,,,,,,,
4,4.b,4.b.1,DC_TOF_SCHIPSL,"Total official flows for scholarships, by recipient countries (millions of constant 2018 United States dollars)",466,Mali,2009,3.83838,2009,,,,2018,The Organisation for Economic Co-operation and Development (OECD).,,"Gross disbursements | Based on OECD, CRS databased, 2020 | Constant 2018 USD million",C,G,CON_USD,,,,,,,,,,,,,,,,,,,,,,,,,,,,,,,,
4,4.b,4.b.1,DC_TOF_SCHIPSL,"Total official flows for scholarships, by recipient countries (millions of constant 2018 United States dollars)",478,Mauritania,2009,1.79606,2009,,,,2018,The Organisation for Economic Co-operation and Development (OECD).,,"Gross disbursements | Based on OECD, CRS databased, 2020 | Constant 2018 USD million",C,G,CON_USD,,,,,,,,,,,,,,,,,,,,,,,,,,,,,,,,
4,4.b,4.b.1,DC_TOF_SCHIPSL,"Total official flows for scholarships, by recipient countries (millions of constant 2018 United States dollars)",480,Mauritius,2009,2.02855,2009,,,,2018,The Organisation for Economic Co-operation and Development (OECD).,,"Gross disbursements | Based on OECD, CRS databased, 2020 | Constant 2018 USD million",C,G,CON_USD,,,,,,,,,,,,,,,,,,,,,,,,,,,,,,,,
4,4.b,4.b.1,DC_TOF_SCHIPSL,"Total official flows for scholarships, by recipient countries (millions of constant 2018 United States dollars)",484,Mexico,2009,11.10318,2009,,,,2018,The Organisation for Economic Co-operation and Development (OECD).,,"Gross disbursements | Based on OECD, CRS databased, 2020 | Constant 2018 USD million",C,G,CON_USD,,,,,,,,,,,,,,,,,,,,,,,,,,,,,,,,
4,4.b,4.b.1,DC_TOF_SCHIPSL,"Total official flows for scholarships, by recipient countries (millions of constant 2018 United States dollars)",496,Mongolia,2009,11.42318,2009,,,,2018,The Organisation for Economic Co-operation and Development (OECD).,,"Gross disbursements | Based on OECD, CRS databased, 2020 | Constant 2018 USD million",C,G,CON_USD,,,,,,,,,,,,,,,,,,,,,,,,,,,,,,,,
4,4.b,4.b.1,DC_TOF_SCHIPSL,"Total official flows for scholarships, by recipient countries (millions of constant 2018 United States dollars)",498,Republic of Moldova,2009,1.32495,2009,,,,2018,The Organisation for Economic Co-operation and Development (OECD).,,"Gross disbursements | Based on OECD, CRS databased, 2020 | Constant 2018 USD million",C,G,CON_USD,,,,,,,,,,,,,,,,,,,,,,,,,,,,,,,,
4,4.b,4.b.1,DC_TOF_SCHIPSL,"Total official flows for scholarships, by recipient countries (millions of constant 2018 United States dollars)",499,Montenegro,2009,0.57926,2009,,,,2018,The Organisation for Economic Co-operation and Development (OECD).,,"Gross disbursements | Based on OECD, CRS databased, 2020 | Constant 2018 USD million",C,G,CON_USD,,,,,,,,,,,,,,,,,,,,,,,,,,,,,,,,
4,4.b,4.b.1,DC_TOF_SCHIPSL,"Total official flows for scholarships, by recipient countries (millions of constant 2018 United States dollars)",504,Morocco,2009,10.53912,2009,,,,2018,The Organisation for Economic Co-operation and Development (OECD).,,"Gross disbursements | Based on OECD, CRS databased, 2020 | Constant 2018 USD million",C,G,CON_USD,,,,,,,,,,,,,,,,,,,,,,,,,,,,,,,,
4,4.b,4.b.1,DC_TOF_SCHIPSL,"Total official flows for scholarships, by recipient countries (millions of constant 2018 United States dollars)",508,Mozambique,2009,4.60391,2009,,,,2018,The Organisation for Economic Co-operation and Development (OECD).,,"Gross disbursements | Based on OECD, CRS databased, 2020 | Constant 2018 USD million",C,G,CON_USD,,,,,,,,,,,,,,,,,,,,,,,,,,,,,,,,
4,4.b,4.b.1,DC_TOF_SCHIPSL,"Total official flows for scholarships, by recipient countries (millions of constant 2018 United States dollars)",512,Oman,2009,0.38761,2009,,,,2018,The Organisation for Economic Co-operation and Development (OECD).,,"Gross disbursements | Based on OECD, CRS databased, 2020 | Constant 2018 USD million",C,G,CON_USD,,,,,,,,,,,,,,,,,,,,,,,,,,,,,,,,
4,4.b,4.b.1,DC_TOF_SCHIPSL,"Total official flows for scholarships, by recipient countries (millions of constant 2018 United States dollars)",516,Namibia,2009,0.73894,2009,,,,2018,The Organisation for Economic Co-operation and Development (OECD).,,"Gross disbursements | Based on OECD, CRS databased, 2020 | Constant 2018 USD million",C,G,CON_USD,,,,,,,,,,,,,,,,,,,,,,,,,,,,,,,,
4,4.b,4.b.1,DC_TOF_SCHIPSL,"Total official flows for scholarships, by recipient countries (millions of constant 2018 United States dollars)",520,Nauru,2009,0.45375,2009,,,,2018,The Organisation for Economic Co-operation and Development (OECD).,,"Gross disbursements | Based on OECD, CRS databased, 2020 | Constant 2018 USD million",C,G,CON_USD,,,,,,,,,,,,,,,,,,,,,,,,,,,,,,,,
4,4.b,4.b.1,DC_TOF_SCHIPSL,"Total official flows for scholarships, by recipient countries (millions of constant 2018 United States dollars)",524,Nepal,2009,8.57569,2009,,,,2018,The Organisation for Economic Co-operation and Development (OECD).,,"Gross disbursements | Based on OECD, CRS databased, 2020 | Constant 2018 USD million",C,G,CON_USD,,,,,,,,,,,,,,,,,,,,,,,,,,,,,,,,
4,4.b,4.b.1,DC_TOF_SCHIPSL,"Total official flows for scholarships, by recipient countries (millions of constant 2018 United States dollars)",548,Vanuatu,2009,5.42419,2009,,,,2018,The Organisation for Economic Co-operation and Development (OECD).,,"Gross disbursements | Based on OECD, CRS databased, 2020 | Constant 2018 USD million",C,G,CON_USD,,,,,,,,,,,,,,,,,,,,,,,,,,,,,,,,
4,4.b,4.b.1,DC_TOF_SCHIPSL,"Total official flows for scholarships, by recipient countries (millions of constant 2018 United States dollars)",558,Nicaragua,2009,1.51641,2009,,,,2018,The Organisation for Economic Co-operation and Development (OECD).,,"Gross disbursements | Based on OECD, CRS databased, 2020 | Constant 2018 USD million",C,G,CON_USD,,,,,,,,,,,,,,,,,,,,,,,,,,,,,,,,
4,4.b,4.b.1,DC_TOF_SCHIPSL,"Total official flows for scholarships, by recipient countries (millions of constant 2018 United States dollars)",562,Niger,2009,1.82904,2009,,,,2018,The Organisation for Economic Co-operation and Development (OECD).,,"Gross disbursements | Based on OECD, CRS databased, 2020 | Constant 2018 USD million",C,G,CON_USD,,,,,,,,,,,,,,,,,,,,,,,,,,,,,,,,
4,4.b,4.b.1,DC_TOF_SCHIPSL,"Total official flows for scholarships, by recipient countries (millions of constant 2018 United States dollars)",566,Nigeria,2009,3.25134,2009,,,,2018,The Organisation for Economic Co-operation and Development (OECD).,,"Gross disbursements | Based on OECD, CRS databased, 2020 | Constant 2018 USD million",C,G,CON_USD,,,,,,,,,,,,,,,,,,,,,,,,,,,,,,,,
4,4.b,4.b.1,DC_TOF_SCHIPSL,"Total official flows for scholarships, by recipient countries (millions of constant 2018 United States dollars)",570,Niue,2009,0.65393,2009,,,,2018,The Organisation for Economic Co-operation and Development (OECD).,,"Gross disbursements | Based on OECD, CRS databased, 2020 | Constant 2018 USD million",C,G,CON_USD,,,,,,,,,,,,,,,,,,,,,,,,,,,,,,,,
4,4.b,4.b.1,DC_TOF_SCHIPSL,"Total official flows for scholarships, by recipient countries (millions of constant 2018 United States dollars)",583,Micronesia (Federated States of),2009,0.68821,2009,,,,2018,The Organisation for Economic Co-operation and Development (OECD).,,"Gross disbursements | Based on OECD, CRS databased, 2020 | Constant 2018 USD million",C,G,CON_USD,,,,,,,,,,,,,,,,,,,,,,,,,,,,,,,,
4,4.b,4.b.1,DC_TOF_SCHIPSL,"Total official flows for scholarships, by recipient countries (millions of constant 2018 United States dollars)",584,Marshall Islands,2009,0.29391,2009,,,,2018,The Organisation for Economic Co-operation and Development (OECD).,,"Gross disbursements | Based on OECD, CRS databased, 2020 | Constant 2018 USD million",C,G,CON_USD,,,,,,,,,,,,,,,,,,,,,,,,,,,,,,,,
4,4.b,4.b.1,DC_TOF_SCHIPSL,"Total official flows for scholarships, by recipient countries (millions of constant 2018 United States dollars)",585,Palau,2009,0.0689,2009,,,,2018,The Organisation for Economic Co-operation and Development (OECD).,,"Gross disbursements | Based on OECD, CRS databased, 2020 | Constant 2018 USD million",C,G,CON_USD,,,,,,,,,,,,,,,,,,,,,,,,,,,,,,,,
4,4.b,4.b.1,DC_TOF_SCHIPSL,"Total official flows for scholarships, by recipient countries (millions of constant 2018 United States dollars)",586,Pakistan,2009,9.15743,2009,,,,2018,The Organisation for Economic Co-operation and Development (OECD).,,"Gross disbursements | Based on OECD, CRS databased, 2020 | Constant 2018 USD million",C,G,CON_USD,,,,,,,,,,,,,,,,,,,,,,,,,,,,,,,,
4,4.b,4.b.1,DC_TOF_SCHIPSL,"Total official flows for scholarships, by recipient countries (millions of constant 2018 United States dollars)",591,Panama,2009,1.19094,2009,,,,2018,The Organisation for Economic Co-operation and Development (OECD).,,"Gross disbursements | Based on OECD, CRS databased, 2020 | Constant 2018 USD million",C,G,CON_USD,,,,,,,,,,,,,,,,,,,,,,,,,,,,,,,,
4,4.b,4.b.1,DC_TOF_SCHIPSL,"Total official flows for scholarships, by recipient countries (millions of constant 2018 United States dollars)",598,Papua New Guinea,2009,19.12469,2009,,,,2018,The Organisation for Economic Co-operation and Development (OECD).,,"Gross disbursements | Based on OECD, CRS databased, 2020 | Constant 2018 USD million",C,G,CON_USD,,,,,,,,,,,,,,,,,,,,,,,,,,,,,,,,
4,4.b,4.b.1,DC_TOF_SCHIPSL,"Total official flows for scholarships, by recipient countries (millions of constant 2018 United States dollars)",600,Paraguay,2009,1.18429,2009,,,,2018,The Organisation for Economic Co-operation and Development (OECD).,,"Gross disbursements | Based on OECD, CRS databased, 2020 | Constant 2018 USD million",C,G,CON_USD,,,,,,,,,,,,,,,,,,,,,,,,,,,,,,,,
4,4.b,4.b.1,DC_TOF_SCHIPSL,"Total official flows for scholarships, by recipient countries (millions of constant 2018 United States dollars)",604,Peru,2009,5.62471,2009,,,,2018,The Organisation for Economic Co-operation and Development (OECD).,,"Gross disbursements | Based on OECD, CRS databased, 2020 | Constant 2018 USD million",C,G,CON_USD,,,,,,,,,,,,,,,,,,,,,,,,,,,,,,,,
4,4.b,4.b.1,DC_TOF_SCHIPSL,"Total official flows for scholarships, by recipient countries (millions of constant 2018 United States dollars)",608,Philippines,2009,18.48987,2009,,,,2018,The Organisation for Economic Co-operation and Development (OECD).,,"Gross disbursements | Based on OECD, CRS databased, 2020 | Constant 2018 USD million",C,G,CON_USD,,,,,,,,,,,,,,,,,,,,,,,,,,,,,,,,
4,4.b,4.b.1,DC_TOF_SCHIPSL,"Total official flows for scholarships, by recipient countries (millions of constant 2018 United States dollars)",624,Guinea-Bissau,2009,1.04836,2009,,,,2018,The Organisation for Economic Co-operation and Development (OECD).,,"Gross disbursements | Based on OECD, CRS databased, 2020 | Constant 2018 USD million",C,G,CON_USD,,,,,,,,,,,,,,,,,,,,,,,,,,,,,,,,
4,4.b,4.b.1,DC_TOF_SCHIPSL,"Total official flows for scholarships, by recipient countries (millions of constant 2018 United States dollars)",626,Timor-Leste,2009,2.93423,2009,,,,2018,The Organisation for Economic Co-operation and Development (OECD).,,"Gross disbursements | Based on OECD, CRS databased, 2020 | Constant 2018 USD million",C,G,CON_USD,,,,,,,,,,,,,,,,,,,,,,,,,,,,,,,,
4,4.b,4.b.1,DC_TOF_SCHIPSL,"Total official flows for scholarships, by recipient countries (millions of constant 2018 United States dollars)",646,Rwanda,2009,4.98694,2009,,,,2018,The Organisation for Economic Co-operation and Development (OECD).,,"Gross disbursements | Based on OECD, CRS databased, 2020 | Constant 2018 USD million",C,G,CON_USD,,,,,,,,,,,,,,,,,,,,,,,,,,,,,,,,
4,4.b,4.b.1,DC_TOF_SCHIPSL,"Total official flows for scholarships, by recipient countries (millions of constant 2018 United States dollars)",659,Saint Kitts and Nevis,2009,0.01419,2009,,,,2018,The Organisation for Economic Co-operation and Development (OECD).,,"Gross disbursements | Based on OECD, CRS databased, 2020 | Constant 2018 USD million",C,G,CON_USD,,,,,,,,,,,,,,,,,,,,,,,,,,,,,,,,
4,4.b,4.b.1,DC_TOF_SCHIPSL,"Total official flows for scholarships, by recipient countries (millions of constant 2018 United States dollars)",662,Saint Lucia,2009,0.34195,2009,,,,2018,The Organisation for Economic Co-operation and Development (OECD).,,"Gross disbursements | Based on OECD, CRS databased, 2020 | Constant 2018 USD million",C,G,CON_USD,,,,,,,,,,,,,,,,,,,,,,,,,,,,,,,,
4,4.b,4.b.1,DC_TOF_SCHIPSL,"Total official flows for scholarships, by recipient countries (millions of constant 2018 United States dollars)",670,Saint Vincent and the Grenadines,2009,0.13611,2009,,,,2018,The Organisation for Economic Co-operation and Development (OECD).,,"Gross disbursements | Based on OECD, CRS databased, 2020 | Constant 2018 USD million",C,G,CON_USD,,,,,,,,,,,,,,,,,,,,,,,,,,,,,,,,
4,4.b,4.b.1,DC_TOF_SCHIPSL,"Total official flows for scholarships, by recipient countries (millions of constant 2018 United States dollars)",678,Sao Tome and Principe,2009,1.25083,2009,,,,2018,The Organisation for Economic Co-operation and Development (OECD).,,"Gross disbursements | Based on OECD, CRS databased, 2020 | Constant 2018 USD million",C,G,CON_USD,,,,,,,,,,,,,,,,,,,,,,,,,,,,,,,,
4,4.b,4.b.1,DC_TOF_SCHIPSL,"Total official flows for scholarships, by recipient countries (millions of constant 2018 United States dollars)",686,Senegal,2009,3.86745,2009,,,,2018,The Organisation for Economic Co-operation and Development (OECD).,,"Gross disbursements | Based on OECD, CRS databased, 2020 | Constant 2018 USD million",C,G,CON_USD,,,,,,,,,,,,,,,,,,,,,,,,,,,,,,,,
4,4.b,4.b.1,DC_TOF_SCHIPSL,"Total official flows for scholarships, by recipient countries (millions of constant 2018 United States dollars)",688,Serbia,2009,3.52938,2009,,,,2018,The Organisation for Economic Co-operation and Development (OECD).,,"Gross disbursements | Based on OECD, CRS databased, 2020 | Constant 2018 USD million",C,G,CON_USD,,,,,,,,,,,,,,,,,,,,,,,,,,,,,,,,
4,4.b,4.b.1,DC_TOF_SCHIPSL,"Total official flows for scholarships, by recipient countries (millions of constant 2018 United States dollars)",690,Seychelles,2009,0.4595,2009,,,,2018,The Organisation for Economic Co-operation and Development (OECD).,,"Gross disbursements | Based on OECD, CRS databased, 2020 | Constant 2018 USD million",C,G,CON_USD,,,,,,,,,,,,,,,,,,,,,,,,,,,,,,,,
4,4.b,4.b.1,DC_TOF_SCHIPSL,"Total official flows for scholarships, by recipient countries (millions of constant 2018 United States dollars)",694,Sierra Leone,2009,0.11609,2009,,,,2018,The Organisation for Economic Co-operation and Development (OECD).,,"Gross disbursements | Based on OECD, CRS databased, 2020 | Constant 2018 USD million",C,G,CON_USD,,,,,,,,,,,,,,,,,,,,,,,,,,,,,,,,
4,4.b,4.b.1,DC_TOF_SCHIPSL,"Total official flows for scholarships, by recipient countries (millions of constant 2018 United States dollars)",704,Viet Nam,2009,35.64771,2009,,,,2018,The Organisation for Economic Co-operation and Development (OECD).,,"Gross disbursements | Based on OECD, CRS databased, 2020 | Constant 2018 USD million",C,G,CON_USD,,,,,,,,,,,,,,,,,,,,,,,,,,,,,,,,
4,4.b,4.b.1,DC_TOF_SCHIPSL,"Total official flows for scholarships, by recipient countries (millions of constant 2018 United States dollars)",706,Somalia,2009,0.05439,2009,,,,2018,The Organisation for Economic Co-operation and Development (OECD).,,"Gross disbursements | Based on OECD, CRS databased, 2020 | Constant 2018 USD million",C,G,CON_USD,,,,,,,,,,,,,,,,,,,,,,,,,,,,,,,,
4,4.b,4.b.1,DC_TOF_SCHIPSL,"Total official flows for scholarships, by recipient countries (millions of constant 2018 United States dollars)",710,South Africa,2009,2.77145,2009,,,,2018,The Organisation for Economic Co-operation and Development (OECD).,,"Gross disbursements | Based on OECD, CRS databased, 2020 | Constant 2018 USD million",C,G,CON_USD,,,,,,,,,,,,,,,,,,,,,,,,,,,,,,,,
4,4.b,4.b.1,DC_TOF_SCHIPSL,"Total official flows for scholarships, by recipient countries (millions of constant 2018 United States dollars)",716,Zimbabwe,2009,2.50344,2009,,,,2018,The Organisation for Economic Co-operation and Development (OECD).,,"Gross disbursements | Based on OECD, CRS databased, 2020 | Constant 2018 USD million",C,G,CON_USD,,,,,,,,,,,,,,,,,,,,,,,,,,,,,,,,
4,4.b,4.b.1,DC_TOF_SCHIPSL,"Total official flows for scholarships, by recipient countries (millions of constant 2018 United States dollars)",729,Sudan,2009,1.77708,2009,,,,2018,The Organisation for Economic Co-operation and Development (OECD).,,"Gross disbursements | Based on OECD, CRS databased, 2020 | Constant 2018 USD million",C,G,CON_USD,,,,,,,,,,,,,,,,,,,,,,,,,,,,,,,,
4,4.b,4.b.1,DC_TOF_SCHIPSL,"Total official flows for scholarships, by recipient countries (millions of constant 2018 United States dollars)",740,Suriname,2009,0.03693,2009,,,,2018,The Organisation for Economic Co-operation and Development (OECD).,,"Gross disbursements | Based on OECD, CRS databased, 2020 | Constant 2018 USD million",C,G,CON_USD,,,,,,,,,,,,,,,,,,,,,,,,,,,,,,,,
4,4.b,4.b.1,DC_TOF_SCHIPSL,"Total official flows for scholarships, by recipient countries (millions of constant 2018 United States dollars)",748,Eswatini,2009,0.1365,2009,,,,2018,The Organisation for Economic Co-operation and Development (OECD).,,"Gross disbursements | Based on OECD, CRS databased, 2020 | Constant 2018 USD million",C,G,CON_USD,,,,,,,,,,,,,,,,,,,,,,,,,,,,,,,,
4,4.b,4.b.1,DC_TOF_SCHIPSL,"Total official flows for scholarships, by recipient countries (millions of constant 2018 United States dollars)",760,Syrian Arab Republic,2009,2.74562,2009,,,,2018,The Organisation for Economic Co-operation and Development (OECD).,,"Gross disbursements | Based on OECD, CRS databased, 2020 | Constant 2018 USD million",C,G,CON_USD,,,,,,,,,,,,,,,,,,,,,,,,,,,,,,,,
4,4.b,4.b.1,DC_TOF_SCHIPSL,"Total official flows for scholarships, by recipient countries (millions of constant 2018 United States dollars)",762,Tajikistan,2009,0.43466,2009,,,,2018,The Organisation for Economic Co-operation and Development (OECD).,,"Gross disbursements | Based on OECD, CRS databased, 2020 | Constant 2018 USD million",C,G,CON_USD,,,,,,,,,,,,,,,,,,,,,,,,,,,,,,,,
4,4.b,4.b.1,DC_TOF_SCHIPSL,"Total official flows for scholarships, by recipient countries (millions of constant 2018 United States dollars)",764,Thailand,2009,10.35617,2009,,,,2018,The Organisation for Economic Co-operation and Development (OECD).,,"Gross disbursements | Based on OECD, CRS databased, 2020 | Constant 2018 USD million",C,G,CON_USD,,,,,,,,,,,,,,,,,,,,,,,,,,,,,,,,
4,4.b,4.b.1,DC_TOF_SCHIPSL,"Total official flows for scholarships, by recipient countries (millions of constant 2018 United States dollars)",768,Togo,2009,1.87912,2009,,,,2018,The Organisation for Economic Co-operation and Development (OECD).,,"Gross disbursements | Based on OECD, CRS databased, 2020 | Constant 2018 USD million",C,G,CON_USD,,,,,,,,,,,,,,,,,,,,,,,,,,,,,,,,
4,4.b,4.b.1,DC_TOF_SCHIPSL,"Total official flows for scholarships, by recipient countries (millions of constant 2018 United States dollars)",772,Tokelau,2009,0.08493,2009,,,,2018,The Organisation for Economic Co-operation and Development (OECD).,,"Gross disbursements | Based on OECD, CRS databased, 2020 | Constant 2018 USD million",C,G,CON_USD,,,,,,,,,,,,,,,,,,,,,,,,,,,,,,,,
4,4.b,4.b.1,DC_TOF_SCHIPSL,"Total official flows for scholarships, by recipient countries (millions of constant 2018 United States dollars)",776,Tonga,2009,3.27004,2009,,,,2018,The Organisation for Economic Co-operation and Development (OECD).,,"Gross disbursements | Based on OECD, CRS databased, 2020 | Constant 2018 USD million",C,G,CON_USD,,,,,,,,,,,,,,,,,,,,,,,,,,,,,,,,
4,4.b,4.b.1,DC_TOF_SCHIPSL,"Total official flows for scholarships, by recipient countries (millions of constant 2018 United States dollars)",780,Trinidad and Tobago,2009,0.29452,2009,,,,2018,The Organisation for Economic Co-operation and Development (OECD).,,"Gross disbursements | Based on OECD, CRS databased, 2020 | Constant 2018 USD million",C,G,CON_USD,,,,,,,,,,,,,,,,,,,,,,,,,,,,,,,,
4,4.b,4.b.1,DC_TOF_SCHIPSL,"Total official flows for scholarships, by recipient countries (millions of constant 2018 United States dollars)",788,Tunisia,2009,9.54305,2009,,,,2018,The Organisation for Economic Co-operation and Development (OECD).,,"Gross disbursements | Based on OECD, CRS databased, 2020 | Constant 2018 USD million",C,G,CON_USD,,,,,,,,,,,,,,,,,,,,,,,,,,,,,,,,
4,4.b,4.b.1,DC_TOF_SCHIPSL,"Total official flows for scholarships, by recipient countries (millions of constant 2018 United States dollars)",792,Turkey,2009,5.02567,2009,,,,2018,The Organisation for Economic Co-operation and Development (OECD).,,"Gross disbursements | Based on OECD, CRS databased, 2020 | Constant 2018 USD million",C,G,CON_USD,,,,,,,,,,,,,,,,,,,,,,,,,,,,,,,,
4,4.b,4.b.1,DC_TOF_SCHIPSL,"Total official flows for scholarships, by recipient countries (millions of constant 2018 United States dollars)",795,Turkmenistan,2009,0.31484,2009,,,,2018,The Organisation for Economic Co-operation and Development (OECD).,,"Gross disbursements | Based on OECD, CRS databased, 2020 | Constant 2018 USD million",C,G,CON_USD,,,,,,,,,,,,,,,,,,,,,,,,,,,,,,,,
4,4.b,4.b.1,DC_TOF_SCHIPSL,"Total official flows for scholarships, by recipient countries (millions of constant 2018 United States dollars)",798,Tuvalu,2009,0.67908,2009,,,,2018,The Organisation for Economic Co-operation and Development (OECD).,,"Gross disbursements | Based on OECD, CRS databased, 2020 | Constant 2018 USD million",C,G,CON_USD,,,,,,,,,,,,,,,,,,,,,,,,,,,,,,,,
4,4.b,4.b.1,DC_TOF_SCHIPSL,"Total official flows for scholarships, by recipient countries (millions of constant 2018 United States dollars)",800,Uganda,2009,3.42174,2009,,,,2018,The Organisation for Economic Co-operation and Development (OECD).,,"Gross disbursements | Based on OECD, CRS databased, 2020 | Constant 2018 USD million",C,G,CON_USD,,,,,,,,,,,,,,,,,,,,,,,,,,,,,,,,
4,4.b,4.b.1,DC_TOF_SCHIPSL,"Total official flows for scholarships, by recipient countries (millions of constant 2018 United States dollars)",804,Ukraine,2009,4.52337,2009,,,,2018,The Organisation for Economic Co-operation and Development (OECD).,,"Gross disbursements | Based on OECD, CRS databased, 2020 | Constant 2018 USD million",C,G,CON_USD,,,,,,,,,,,,,,,,,,,,,,,,,,,,,,,,
4,4.b,4.b.1,DC_TOF_SCHIPSL,"Total official flows for scholarships, by recipient countries (millions of constant 2018 United States dollars)",807,North Macedonia,2009,1.16634,2009,,,,2018,The Organisation for Economic Co-operation and Development (OECD).,,"Gross disbursements | Based on OECD, CRS databased, 2020 | Constant 2018 USD million",C,G,CON_USD,,,,,,,,,,,,,,,,,,,,,,,,,,,,,,,,
4,4.b,4.b.1,DC_TOF_SCHIPSL,"Total official flows for scholarships, by recipient countries (millions of constant 2018 United States dollars)",818,Egypt,2009,9.09565,2009,,,,2018,The Organisation for Economic Co-operation and Development (OECD).,,"Gross disbursements | Based on OECD, CRS databased, 2020 | Constant 2018 USD million",C,G,CON_USD,,,,,,,,,,,,,,,,,,,,,,,,,,,,,,,,
4,4.b,4.b.1,DC_TOF_SCHIPSL,"Total official flows for scholarships, by recipient countries (millions of constant 2018 United States dollars)",834,United Republic of Tanzania,2009,5.24969,2009,,,,2018,The Organisation for Economic Co-operation and Development (OECD).,,"Gross disbursements | Based on OECD, CRS databased, 2020 | Constant 2018 USD million",C,G,CON_USD,,,,,,,,,,,,,,,,,,,,,,,,,,,,,,,,
4,4.b,4.b.1,DC_TOF_SCHIPSL,"Total official flows for scholarships, by recipient countries (millions of constant 2018 United States dollars)",854,Burkina Faso,2009,2.37201,2009,,,,2018,The Organisation for Economic Co-operation and Development (OECD).,,"Gross disbursements | Based on OECD, CRS databased, 2020 | Constant 2018 USD million",C,G,CON_USD,,,,,,,,,,,,,,,,,,,,,,,,,,,,,,,,
4,4.b,4.b.1,DC_TOF_SCHIPSL,"Total official flows for scholarships, by recipient countries (millions of constant 2018 United States dollars)",858,Uruguay,2009,1.27683,2009,,,,2018,The Organisation for Economic Co-operation and Development (OECD).,,"Gross disbursements | Based on OECD, CRS databased, 2020 | Constant 2018 USD million",C,G,CON_USD,,,,,,,,,,,,,,,,,,,,,,,,,,,,,,,,
4,4.b,4.b.1,DC_TOF_SCHIPSL,"Total official flows for scholarships, by recipient countries (millions of constant 2018 United States dollars)",860,Uzbekistan,2009,4.14454,2009,,,,2018,The Organisation for Economic Co-operation and Development (OECD).,,"Gross disbursements | Based on OECD, CRS databased, 2020 | Constant 2018 USD million",C,G,CON_USD,,,,,,,,,,,,,,,,,,,,,,,,,,,,,,,,
4,4.b,4.b.1,DC_TOF_SCHIPSL,"Total official flows for scholarships, by recipient countries (millions of constant 2018 United States dollars)",862,Venezuela (Bolivarian Republic of),2009,2.29592,2009,,,,2018,The Organisation for Economic Co-operation and Development (OECD).,,"Gross disbursements | Based on OECD, CRS databased, 2020 | Constant 2018 USD million",C,G,CON_USD,,,,,,,,,,,,,,,,,,,,,,,,,,,,,,,,
4,4.b,4.b.1,DC_TOF_SCHIPSL,"Total official flows for scholarships, by recipient countries (millions of constant 2018 United States dollars)",876,Wallis and Futuna Islands,2009,0.00053,2009,,,,2018,The Organisation for Economic Co-operation and Development (OECD).,,"Gross disbursements | Based on OECD, CRS databased, 2020 | Constant 2018 USD million",C,G,CON_USD,,,,,,,,,,,,,,,,,,,,,,,,,,,,,,,,
4,4.b,4.b.1,DC_TOF_SCHIPSL,"Total official flows for scholarships, by recipient countries (millions of constant 2018 United States dollars)",882,Samoa,2009,4.92342,2009,,,,2018,The Organisation for Economic Co-operation and Development (OECD).,,"Gross disbursements | Based on OECD, CRS databased, 2020 | Constant 2018 USD million",C,G,CON_USD,,,,,,,,,,,,,,,,,,,,,,,,,,,,,,,,
4,4.b,4.b.1,DC_TOF_SCHIPSL,"Total official flows for scholarships, by recipient countries (millions of constant 2018 United States dollars)",887,Yemen,2009,1.43888,2009,,,,2018,The Organisation for Economic Co-operation and Development (OECD).,,"Gross disbursements | Based on OECD, CRS databased, 2020 | Constant 2018 USD million",C,G,CON_USD,,,,,,,,,,,,,,,,,,,,,,,,,,,,,,,,
4,4.b,4.b.1,DC_TOF_SCHIPSL,"Total official flows for scholarships, by recipient countries (millions of constant 2018 United States dollars)",894,Zambia,2009,3.20128,2009,,,,2018,The Organisation for Economic Co-operation and Development (OECD).,,"Gross disbursements | Based on OECD, CRS databased, 2020 | Constant 2018 USD million",C,G,CON_USD,,,,,,,,,,,,,,,,,,,,,,,,,,,,,,,,
